{
    "a": {
        "axis": "a",
        "blowout": 33.1,
        "bottom": 30.5,
        "bottom_distance": 2,
        "droptip": 35.4,
        "offset": [
            0,
            0,
            0
        ],
        "resting": 0,
        "theContainers": {
            "p10-rack": {
                "rel_x": 0.0,
                "rel_y": 0.0,
                "rel_z": 0.0,
                "x": 143.492,
                "y": 110.943,
                "z": 80.999
            },
            "plate": {
                "rel_x": -2.5579999999999927,
                "rel_y": 132.277,
                "rel_z": 33.992000000000004,
                "x": 140.934,
                "y": 243.22,
                "z": 114.991
            },
            "source": {
                "rel_x": 92.48700000000002,
                "rel_y": -2.100999999999999,
                "rel_z": -25.507999999999996,
                "x": 235.979,
                "y": 108.842,
                "z": 55.491
            },
            "trash": {
                "rel_x": 127.00200000000004,
                "rel_y": 79.9,
                "rel_z": -80.999,
                "x": 270.494,
                "y": 190.84300000000002,
                "z": 0.0
            }
        },
        "tip_rack_origin": "p10-rack",
        "tip_racks": [
            {
                "container": "p10-rack"
            }
        ],
        "toolname": "a_pipette",
        "tooltype": "pipette",
        "top": 19.5,
        "trash_container": {
            "container": "trash"
        },
        "volume": 10
    },
    "b": {
        "axis": "b",
        "blowout": 22.5,
        "bottom": 20.2,
        "bottom_distance": 2,
        "droptip": 23.4,
        "offset": [
            0,
            0,
            0
        ],
        "resting": 0,
        "theContainers": {
            "p10-rack": {
                "rel_x": null,
                "rel_y": null,
                "rel_z": null,
                "x": null,
                "y": null,
                "z": null
            },
            "plate": {
                "rel_x": 93.497,
                "rel_y": -136.507,
                "rel_z": 12.997,
                "x": 208.964,
                "y": 243.103,
                "z": 103.496
            },
            "source": {
                "rel_x": 188.707,
                "rel_y": -271.61400000000003,
                "rel_z": -41.50599999999999,
                "x": 304.174,
                "y": 107.996,
                "z": 48.993
            },
            "trash": {
                "rel_x": 109.306,
                "rel_y": -60.60400000000004,
                "rel_z": -90.0,
                "x": 224.773,
                "y": 319.006,
                "z": 0.4989999999999952
            }
        },
        "tip_rack_origin": "p200-rack",
        "tip_racks": [
            {
                "container": "p200-rack"
            }
        ],
        "toolname": "b_pipette",
        "tooltype": "pipette",
        "top": 9.8,
        "trash_container": {
            "container": "trash"
        },
        "volume": 10
    }
}