{
    "a": {
        "axis": "a",
        "blowout": 28.2,
        "bottom": 26.0,
        "bottom_distance": 2,
        "droptip": 30.8,
        "offset": [
            0,
            0,
            0
        ],
        "resting": 0,
        "theContainers": {
            "cycler": {
                "rel_x": 143.378,
                "rel_y": -297.497,
                "rel_z": -114.856,
                "x": 287.191,
                "y": 80.918,
                "z": 1.965
            },
            "ice": {
                "rel_x": 88.93400000000003,
                "rel_y": 1.4710000000000036,
                "rel_z": -67.845,
                "x": 232.747,
                "y": 379.886,
                "z": 48.976
            },
            "p10-rack": {
                "rel_x": null,
                "rel_y": null,
                "rel_z": null,
                "x": null,
                "y": null,
                "z": null
            },
            "p200-rack": {
                "rel_x": 0.0,
                "rel_y": 0.0,
                "rel_z": 0.0,
                "x": 142.292,
                "y": 378.411,
                "z": 116.821
            },
            "shared": {
                "rel_x": -89.57,
                "rel_y": -139.119,
                "rel_z": -32.348,
                "x": 52.722,
                "y": 239.292,
                "z": 84.473
            },
            "trash": {
                "rel_x": -60.013000000000005,
                "rel_y": -49.997000000000014,
                "rel_z": -116.826,
                "x": 83.81199999999998,
                "y": 328.414,
                "z": 0.49500000000000455
            }
        },
        "tip_rack_origin": "p200-rack",
        "tip_racks": [
            {
                "container": "p200-rack"
            }
        ],
        "toolname": "a_pipette",
        "tooltype": "pipette",
        "top": 10.0,
        "trash_container": {
            "container": "trash"
        },
        "volume": 200
    },
    "b": {
        "axis": "b",
        "blowout": 20.7,
        "bottom": 18.5,
        "bottom_distance": 2,
        "droptip": 22.4,
        "offset": [
            0,
            0,
            0
        ],
        "resting": 0,
        "theContainers": {
            "cycler": {
                "rel_x": 329.508,
                "rel_y": -297.48699999999997,
                "rel_z": -96.363,
                "x": 354.255,
                "y": 79.393,
                "z": 12.44
            },
            "ice": {
                "rel_x": 274.96999999999997,
                "rel_y": 1.59699999999998,
                "rel_z": -49.484,
                "x": 299.212,
                "y": 377.974,
                "z": 59.82
            },
            "p10-rack": {
                "rel_x": 0.0,
                "rel_y": 0.0,
                "rel_z": 0.0,
                "x": 24.747,
                "y": 376.88,
                "z": 108.803
            },
            "p200-rack": {
                "rel_x": 119.53299999999999,
                "rel_y": 2.012999999999977,
                "rel_z": 8.001999999999995,
                "x": 143.77499999999998,
                "y": 378.39,
                "z": 117.306
            },
            "shared": {
                "rel_x": 93.952,
                "rel_y": -137.55,
                "rel_z": -14.822000000000003,
                "x": 118.194,
                "y": 238.827,
                "z": 94.482
            },
            "trash": {
                "rel_x": 118.535,
                "rel_y": -47.49400000000003,
                "rel_z": -108.82,
                "x": 142.777,
                "y": 328.883,
                "z": 0.48400000000000887
            }
        },
        "tip_rack_origin": "p10-rack",
        "tip_racks": [
            {
                "container": "p10-rack"
            }
        ],
        "toolname": "b_pipette",
        "tooltype": "pipette",
        "top": 1.6,
        "trash_container": {
            "container": "trash"
        },
        "volume": 10
    }
}