{
    "a": {
        "axis": "a",
        "blowout": 28.6,
        "bottom": 26.3,
        "bottom_distance": 2,
        "droptip": 30.5,
        "offset": [
            0,
            0,
            0
        ],
        "resting": 0,
        "theContainers": {
            "p10-rack": {
                "rel_x": 4.981999999999999,
                "rel_y": 188.437,
                "rel_z": 108.472,
                "x": 147.406,
                "y": 568.345,
                "z": 225.418
            },
            "p200-rack": {
                "rel_x": 0.0,
                "rel_y": 0.0,
                "rel_z": 0.0,
                "x": 142.424,
                "y": 379.908,
                "z": 116.946
            },
            "plate": {
                "rel_x": 90.98999999999998,
                "rel_y": 0.38999999999998636,
                "rel_z": -58.489999999999995,
                "x": 233.414,
                "y": 380.298,
                "z": 58.456
            },
            "source": {
                "rel_x": -90.49200000000002,
                "rel_y": -139.019,
                "rel_z": -43.968999999999994,
                "x": 51.93199999999999,
                "y": 240.889,
                "z": 72.977
            },
            "trash": {
                "rel_x": -136.932,
                "rel_y": -329.937,
                "rel_z": -116.457,
                "x": 5.492000000000019,
                "y": 49.971000000000004,
                "z": 0.4890000000000043
            }
        },
        "tip_rack_origin": "p200-rack",
        "tip_racks": [
            {
                "container": "p200-rack"
            }
        ],
        "toolname": "a_pipette",
        "tooltype": "pipette",
        "top": 9.9,
        "trash_container": {
            "container": "trash"
        },
        "volume": 200
    },
    "b": {
        "axis": "b",
        "blowout": 30.1,
        "bottom": 28.2,
        "bottom_distance": 2,
        "droptip": 31.6,
        "offset": [
            0,
            0,
            0
        ],
        "resting": 0,
        "theContainers": {
            "p10-rack": {
                "rel_x": 0.0,
                "rel_y": 0.0,
                "rel_z": 0.0,
                "x": 23.977,
                "y": 377.179,
                "z": 108.466
            },
            "p200-rack": {
                "rel_x": 118.452,
                "rel_y": 1.9909999999999854,
                "rel_z": 7.98599999999999,
                "x": 142.429,
                "y": 379.16999999999996,
                "z": 116.45199999999998
            },
            "plate": {
                "rel_x": 275.985,
                "rel_y": 2.493000000000052,
                "rel_z": -39.491,
                "x": 299.962,
                "y": 379.672,
                "z": 68.975
            },
            "source": {
                "rel_x": 94.14699999999999,
                "rel_y": -136.569,
                "rel_z": -24.483000000000004,
                "x": 118.124,
                "y": 240.60999999999999,
                "z": 83.98299999999999
            },
            "trash": {
                "rel_x": 35.018,
                "rel_y": -328.44100000000003,
                "rel_z": -108.472,
                "x": 58.995000000000005,
                "y": 48.73799999999994,
                "z": -0.006000000000000227
            }
        },
        "tip_rack_origin": "p10-rack",
        "tip_racks": [
            {
                "container": "p10-rack"
            }
        ],
        "toolname": "b_pipette",
        "tooltype": "pipette",
        "top": 11.59,
        "trash_container": {
            "container": "trash"
        },
        "volume": 10
    }
}