{
    "a": {
        "axis": "a",
        "blowout": 28.6,
        "bottom": 25.9,
        "bottom_distance": 2,
        "droptip": 30.5,
        "offset": [
            0,
            0,
            0
        ],
        "resting": 0,
        "theContainers": {
            "p10-rack": {
                "rel_x": 4.981999999999999,
                "rel_y": 188.437,
                "rel_z": 108.472,
                "x": 147.406,
                "y": 567.364,
                "z": 224.92899999999997
            },
            "p200-rack": {
                "rel_x": 0.0,
                "rel_y": 0.0,
                "rel_z": 0.0,
                "x": 142.424,
                "y": 378.927,
                "z": 116.457
            },
            "plate": {
                "rel_x": 97.51999999999998,
                "rel_y": -6.072000000000003,
                "rel_z": -54.474,
                "x": 239.944,
                "y": 372.855,
                "z": 61.983
            },
            "source": {
                "rel_x": -90.517,
                "rel_y": -139.334,
                "rel_z": -42.468999999999994,
                "x": 51.90700000000001,
                "y": 239.59300000000002,
                "z": 73.988
            },
            "trash": {
                "rel_x": -136.932,
                "rel_y": -329.937,
                "rel_z": -116.457,
                "x": 5.492000000000019,
                "y": 48.99000000000001,
                "z": 0.0
            }
        },
        "tip_rack_origin": "p200-rack",
        "tip_racks": [
            {
                "container": "p200-rack"
            }
        ],
        "toolname": "a_pipette",
        "tooltype": "pipette",
        "top": 9.8,
        "trash_container": {
            "container": "trash"
        },
        "volume": 200
    },
    "b": {
        "axis": "b",
        "blowout": 29.9,
        "bottom": 27.8,
        "bottom_distance": 2,
        "droptip": 31.9,
        "offset": [
            0,
            0,
            0
        ],
        "resting": 0,
        "theContainers": {
            "p10-rack": {
                "rel_x": 0.0,
                "rel_y": 0.0,
                "rel_z": 0.0,
                "x": 23.972,
                "y": 377.43,
                "z": 107.971
            },
            "p200-rack": {
                "rel_x": 20.0,
                "rel_y": 90.0,
                "rel_z": -14.999,
                "x": 43.972,
                "y": 467.43,
                "z": 92.97200000000001
            },
            "plate": {
                "rel_x": 282.492,
                "rel_y": -4.990000000000009,
                "rel_z": -35.977000000000004,
                "x": 306.464,
                "y": 372.44,
                "z": 71.994
            },
            "source": {
                "rel_x": 94.52000000000001,
                "rel_y": -138.339,
                "rel_z": -23.47800000000001,
                "x": 118.49200000000002,
                "y": 239.091,
                "z": 84.493
            },
            "trash": {
                "rel_x": 35.018,
                "rel_y": -328.44100000000003,
                "rel_z": -108.472,
                "x": 58.99,
                "y": 48.988999999999976,
                "z": -0.5009999999999906
            }
        },
        "tip_rack_origin": "p10-rack",
        "tip_racks": [
            {
                "container": "p10-rack"
            }
        ],
        "toolname": "b_pipette",
        "tooltype": "pipette",
        "top": 11.455,
        "trash_container": {
            "container": "trash"
        },
        "volume": 10
    }
}