{
    "a": {
        "axis": "a",
        "blowout": 28.6,
        "bottom": 25.9,
        "bottom_distance": 2,
        "droptip": 30.5,
        "offset": [
            0,
            0,
            0
        ],
        "resting": 0,
        "theContainers": {
            "p10-rack": {
                "rel_x": 66.30099999999999,
                "rel_y": 268.047,
                "rel_z": -4.998000000000005,
                "x": 208.99699999999999,
                "y": 378.97400000000005,
                "z": 88.99199999999999
            },
            "p200-rack": {
                "rel_x": 0.0,
                "rel_y": 0.0,
                "rel_z": 0.0,
                "x": 142.696,
                "y": 110.927,
                "z": 93.49
            },
            "plate": {
                "rel_x": -94.217,
                "rel_y": 132.503,
                "rel_z": 10.009,
                "x": 48.479,
                "y": 243.43,
                "z": 103.999
            },
            "source": {
                "rel_x": 92.47999999999999,
                "rel_y": 131.55,
                "rel_z": -44.49999999999999,
                "x": 235.176,
                "y": 242.477,
                "z": 49.49
            },
            "trash": {
                "rel_x": -53.70500000000001,
                "rel_y": -60.946999999999996,
                "rel_z": -93.498,
                "x": 88.99099999999999,
                "y": 49.98000000000001,
                "z": 0.4919999999999902
            }
        },
        "tip_rack_origin": "p200-rack",
        "tip_racks": [
            {
                "container": "p200-rack"
            }
        ],
        "toolname": "a_pipette",
        "tooltype": "pipette",
        "top": 9.8,
        "trash_container": {
            "container": "trash"
        },
        "volume": 200
    },
    "b": {
        "axis": "b",
        "blowout": 19.0,
        "bottom": 16.9,
        "bottom_distance": 2,
        "droptip": 21.0,
        "offset": [
            0,
            0,
            0
        ],
        "resting": 0,
        "theContainers": {
            "p10-rack": {
                "rel_x": 0.0,
                "rel_y": 0.0,
                "rel_z": 0.0,
                "x": 208.497,
                "y": 379.481,
                "z": 85.497
            },
            "p200-rack": {
                "rel_x": 0.0,
                "rel_y": 0.0,
                "rel_z": 0.0,
                "x": 208.497,
                "y": 379.481,
                "z": 85.497
            },
            "plate": {
                "rel_x": -92.01300000000002,
                "rel_y": -138.378,
                "rel_z": 29.498999999999995,
                "x": 116.484,
                "y": 241.103,
                "z": 114.996
            },
            "source": {
                "rel_x": 94.69200000000001,
                "rel_y": -138.516,
                "rel_z": -25.008000000000003,
                "x": 303.189,
                "y": 240.965,
                "z": 60.489
            },
            "trash": {
                "rel_x": -60.202,
                "rel_y": -328.60400000000004,
                "rel_z": -88.999,
                "x": 148.29500000000002,
                "y": 50.87699999999995,
                "z": -3.5019999999999953
            }
        },
        "tip_rack_origin": "p10-rack",
        "tip_racks": [
            {
                "container": "p10-rack"
            }
        ],
        "toolname": "b_pipette",
        "tooltype": "pipette",
        "top": 0.5,
        "trash_container": {
            "container": "trash"
        },
        "volume": 10
    }
}